sample_type	term	estimate	std.error	statistic	p.value	signif
colon	experiment_setsecond_set_arizona	1.402003068747664	1.8255408747138422	0.7679932496539861	0.44368265665292683	ns
colon	vendortaconic	18.38308618195953	2.3202219587171236	7.9229860371305785	4.574791503402739e-13	****
