group2	group1	sample_type	.y.	n1	n2	statistic	p	p.adj	p.adj.signif	y.position	groups	xmin	xmax	group1_faith_pd	group2_faith_pd	diff_means	stat_diff_means
second_set_arizona	new_exp_anschutz	colon	faith_pd	50	105	-3.027785854298017	0.002463525948177803	0.002463525948177803	**	82.591		1	2	55.289422019630855	47.49988199739875	7.789540022232103	7.789540022232103
