group2	Family	group1	.y.	n1	n2	statistic	p	p.adj	p.adj.signif	y.position	groups	xmin	xmax	group1_rel_abund	group2_rel_abund	diff_means	stat_diff_means
second_set_arizona	Bacteroidaceae	new_exp_anschutz	rel_abund	50	105	-2.2368093965994147	0.025298800147290544	0.025298800147290544	*	0.11464		1	2	0.027299555546783018	0.013130269532806261	0.014169286013976757	0.014169286013976757
second_set_arizona	Enterobacteriaceae	new_exp_anschutz	rel_abund	50	105	-4.146701793811084	3.3729890830270073e-5	3.3729890830270073e-5	****	0.04468		1	2	0.0016794855817655729	2.6237945733513868e-5	0.001653247636032059	0.001653247636032059
second_set_arizona	Enterococcaceae	new_exp_anschutz	rel_abund	50	105	-0.35292148054286837	0.7241473065815434	0.7241473065815434	ns	0.00212		1	2	9.700793204419206e-5	1.249035336228251e-4	-2.7895601578633035e-5	0
second_set_arizona	Lachnospiraceae	new_exp_anschutz	rel_abund	50	105	-4.960822335234174	7.019537328592176e-7	7.019537328592176e-7	****	0.66584		1	2	0.27316879589485793	0.16922319351567852	0.10394560237917941	0.10394560237917941
second_set_arizona	Lactobacillaceae	new_exp_anschutz	rel_abund	50	105	2.541655887805164	0.011032873501682904	0.011032873501682904	*	0.687		1	2	0.35253640230729666	0.40519480927086504	-0.05265840696356838	-0.05265840696356838
second_set_arizona	Ruminococcaceae	new_exp_anschutz	rel_abund	50	105	-3.7167919508335276	2.0176845877341063e-4	2.0176845877341063e-4	***	0.043440000000000006		1	2	0.01235379356956602	0.00886597732250874	0.0034878162470572786	0.0034878162470572786
second_set_arizona	Staphylococcaceae	new_exp_anschutz	rel_abund	50	105	6.153903429616716	7.559872797639524e-10	7.559872797639524e-10	****	0.56		1	2	2e-6	0.005098380193929828	-0.005096380193929828	-0.005096380193929828
