group2	group1	vendor	.y.	n1	n2	statistic	p	p.adj	p.adj.signif	y.position	groups	xmin	xmax	group1_shannon_entropy	group2_shannon_entropy	diff_means	stat_diff_means
new_exp_anschutz	first_set_anschutz	taconic	shannon_entropy	31	25	-0.4038019652808611	0.686358351193292	0.686358351193292	ns	6.95528		1	2	5.739071113720041	5.172842251344454	0.5662288623755876	0
second_set_arizona	new_exp_anschutz	charles_river	shannon_entropy	25	105	-4.0258369490922155	5.677301974441827e-5	5.677301974441827e-5	****	6.008120000000001		2	3	5.172842251344454	3.995565442149962	1.1772768091944918	1.1772768091944918
