group2	group1	sample_type	.y.	n1	n2	statistic	p	p.adj	p.adj.signif	y.position	groups	xmin	xmax	group1_shannon_entropy	group2_shannon_entropy	diff_means	stat_diff_means
second_set_arizona	new_exp_anschutz	colon	shannon_entropy	50	105	-7.414438937768977	1.2214076709531128e-13	1.2214076709531128e-13	****	6.726240000000001		1	2	5.207326236089386	4.020241694687078	1.1870845414023083	1.1870845414023083
