term	df	SumOfSqs	R2	statistic	p.value	signif
experiment_set	1	3.5008322061580683	0.15413716402976949	32.31035702036783	0.001	***
vendor	1	2.742391406417715	0.12074398575895408	25.310451976270535	0.001	***
Residual	152	16.46922363007577	0.7251188502112764	NA	NA	
Total	154	22.712447242651553	1	NA	NA	
