term	df	SumOfSqs	R2	statistic	p.value	signif
purified_diet	1	15.050928016833193	0.12470737622014719	67.85086669276579	0.001	***
high_fat	1	0.42238496403138726	0.003499752344857642	1.9041474290136426	0.051	+
high_fiber	1	2.4782606503559172	0.020534108126081488	11.17221030019959	0.001	***
study	1	2.021887652913925	0.016752741354207866	9.114841918862407	0.001	***
high_fat:high_fiber	1	0.23037599445281032	0.0019088248764584843	1.0385546240968526	0.365	ns
Residual	453	100.48612087002824	0.8325971970782484	NA	NA	
Total	458	120.68995814861535	1	NA	NA	
