term	df	SumOfSqs	R2	statistic	p.value	signif
experiment_set	1	5.041998108849535	0.15437153276089527	31.659966444465187	0.001	***
vendor	1	3.412739233810248	0.10448829512884159	21.429442711710198	0.001	***
Residual	152	24.206712723130792	0.7411401721102632	NA	NA	
Total	154	32.661450065790575	1	NA	NA	
