dil_toxin	statistic	p.value	parameter	method	p.adj	test_id
Total TcB 1:10	4.363012793769997	0.22483956218387496	3	Kruskal-Wallis rank sum test	0.41775164251036184	Total TcB 1:10
Total TcA 1:10	2.8351168126825144	0.41775164251036184	3	Kruskal-Wallis rank sum test	0.41775164251036184	Total TcA 1:10
