term	estimate	std.error	statistic	p.value	signif
purified_diet	-25.478617529851718	6.687122200984334	-3.810101978710858	3.577158944681924e-4	***
seq_depth	-1.0415582032584723e-4	1.0969521868935983e-4	-0.9495019160388445	0.3465956931676202	ns
high_fat	-4.489606720675118	2.0371175773469865	-2.203901615989244	0.03181466951232095	*
high_fiber	-3.6884184656591774	2.4908736909803886	-1.4807729829959562	0.14447860395514553	ns
study	-1.8548319318003772	0.488657047738686	-3.7957744401391835	3.7438989578322655e-4	***
purified_diet:seq_depth	1.3861499758840282e-4	1.1802216615543842e-4	1.1744827442485937	0.24535515999751917	ns
high_fat:high_fiber	5.849425548859672	3.642083398616282	1.6060657894550172	0.11409212762463818	ns
