neat_toxin	statistic	p.value	parameter	method	p.adj	test_id
Total TcB Neat	8.012943345847575	0.09110521215158243	4	Kruskal-Wallis rank sum test	0.12658624665456886	Total TcB Neat
Total TcA Neat	7.181819163607438	0.12658624665456886	4	Kruskal-Wallis rank sum test	0.12658624665456886	Total TcA Neat
