term	estimate	std.error	statistic	p.value	signif
purified_diet	-3.4468801222503056	0.8307439248557533	-4.149148755856152	1.1898847317723418e-4	***
seq_depth	-1.9948651430951038e-5	1.362748186334848e-5	-1.4638545573561563	0.14903099649941834	ns
high_fat	-1.0828472541804446	0.25307194944766703	-4.278811842022687	7.727728978153594e-5	****
high_fiber	-0.25672865532392375	0.30944225694879485	-0.8296496343303432	0.4103895871958607	ns
study	-0.14056867976962145	0.06070606481321759	-2.315562377533905	0.024409501184641975	*
purified_diet:seq_depth	3.167872888344301e-5	1.466194195127981e-5	2.160609350978766	0.03518039674537757	*
high_fat:high_fiber	1.0352315579955949	0.45245750956563974	2.288019396538295	0.026077405552501147	*
