group2	group1	vendor	.y.	n1	n2	statistic	p	p.adj	p.adj.signif	y.position	groups	xmin	xmax	group1_faith_pd	group2_faith_pd	diff_means	stat_diff_means
new_exp_anschutz	first_set_anschutz	taconic	faith_pd	31	25	3.0573577371265217	0.002232976075660151	0.002232976075660151	**	69.01035999999999		1	2	49.18234970409734	48.804352109049844	0.3779975950474963	0.3779975950474963
second_set_arizona	new_exp_anschutz	charles_river	faith_pd	25	105	1.9523684690755347	0.050894473762198966	0.050894473762198966	ns	63.84495999999999		2	3	48.804352109049844	42.42545417689856	6.378897932151283	0
