term	df	SumOfSqs	R2	statistic	p.value	signif
Model	3	9.482921037684084	0.3137555211944792	27.737201838422436	0.001	***
Residual	182	20.740996621460983	0.6862444788055208	NA	NA	
Total	185	30.22391765914507	1	NA	NA	
