dil_toxin	statistic	p.value	parameter	method	p.adj	test_id
Total TcA 1:10	2.4413317757009403	0.48598710203315615	3	Kruskal-Wallis rank sum test	0.836865731513637	Total TcA 1:10
Total TcB 1:10	0.8525294525294527	0.836865731513637	3	Kruskal-Wallis rank sum test	0.836865731513637	Total TcB 1:10
