term	estimate	std.error	statistic	p.value	signif
purified_diet	-16.296073768569105	5.5695794407904575	-2.925907412186278	0.004665083013691506	**
seq_depth	1.2262036123904808e-4	9.144280853124488e-5	1.34095139036713	0.18439843753558285	ns
high_fat	-2.2530994849950567	1.8702167877505582	-1.2047263716978065	0.23248517052718745	ns
high_fiber	-3.255602597533686	2.428294922436185	-1.340694891486865	0.18448131665905196	ns
study	-1.7578142395897585	0.3497548115557172	-5.025847197844002	3.873889739229826e-6	****
purified_diet:seq_depth	-2.7913511999160464e-5	1.0165117767679832e-4	-0.2746009700734797	0.7844553734606937	ns
high_fat:high_fiber	3.2349609464620057	3.671653091533052	0.8810638875230147	0.38138681286117637	ns
