neat_toxin	statistic	p.value	parameter	method	p.adj	test_id
Total TcA Neat	6.3070420544233565	0.17736161420947436	4	Kruskal-Wallis rank sum test	0.27028334110501173	Total TcA Neat
Total TcB Neat	5.17011908203581	0.27028334110501173	4	Kruskal-Wallis rank sum test	0.27028334110501173	Total TcB Neat
