term	estimate	std.error	statistic	p.value	signif
purified_diet	-2.977380434397792	0.7231324408790596	-4.1173376633171195	1.059890673201897e-4	***
seq_depth	-1.047002879853842e-6	1.187257710155775e-5	-0.08818665660351613	0.9299875206071343	ns
high_fat	-0.6785445621902796	0.24282164301208262	-2.794415496795381	0.006749851588601333	**
high_fiber	-0.3098442779967844	0.31528032827309654	-0.9827580416891616	0.3292103224759785	ns
study	-0.22872777872743935	0.045410798656924434	-5.036858753695625	3.715206119472741e-6	****
purified_diet:seq_depth	2.0529108944954826e-5	1.3197991879476933e-5	1.5554721606457331	0.12447589522689656	ns
high_fat:high_fiber	0.6549641607476815	0.4767130966291809	1.373916859802902	0.1739796413334989	ns
