term	df	SumOfSqs	R2	statistic	p.value	signif
purified_diet	1	2.155549039737094	0.18251388639377356	14.864758316263034	0.001	***
high_fat	1	0.478847908303508	0.04054484083863016	3.3021556438576245	0.002	**
high_fiber	1	0.35257668166446443	0.02985324816838791	2.4313838675326527	0.011	*
study	1	0.428276310306976	0.036262860368069215	2.9534117424071864	0.004	**
high_fat:high_fiber	1	0.2744797124209444	0.023240649192700337	1.8928238294000275	0.048	*
Residual	56	8.120599316654324	0.6875845150384389	NA	NA	
Total	61	11.81032896908731	1	NA	NA	
