term	df	SumOfSqs	R2	statistic	p.value	signif
purified_diet	1	3.0505317564992267	0.07534179030697126	6.699648851715547	0.001	***
high_fat	1	2.713750092383471	0.06702398359573714	5.960001121622316	0.001	***
high_fiber	1	0.5813133238085433	0.014357230162158076	1.2766938531432535	0.243	ns
study	1	1.4567770241635802	0.03597936289130838	3.1994076102795677	0.011	*
high_fat:high_fiber	1	0.8139690592607467	0.020103342982261914	1.7876577949368508	0.108	ns
Residual	70	31.87289777139087	0.7871942900615633	NA	NA	
Total	75	40.489239027506436	1	NA	NA	
