tested_var	baseline_comp	Estimate	Std. Error	df	t value	Pr(>|t|)	signif
(Intercept)	NA	-1.8038969333514943	0.28946940285156153	101.54898500080984	-6.231736119884572	1.059912473012768e-8	****
sack_statussick	sack_statusend_time_course	0.9111982047942369	0.3003794987041228	76.99999877757804	3.0334899975706313	0.0032945790365665867	**
diet_fHF/HF	diet_fLF/HF	0.44951211073076286	0.3180940531531382	76.99999877980137	1.4131421391721424	0.16164368413691527	ns
diet_fHF/LF	diet_fLF/HF	0.33549374283716854	0.3453675832798776	76.99999878404446	0.9714106334215289	0.33438550133023404	ns
diet_fLF/LF	diet_fLF/HF	0.4632208584452053	0.3778433180745338	76.99999878189547	1.2259601699607925	0.22394990485388303	ns
vendortaconic	vendorcharles_river	0.07141937913525967	0.24151162292479897	76.99999878234323	0.2957181864389938	0.7682413232058122	ns
location_fspleen	location_fliver	-0.21813308928291875	0.18382463183638986	154.00000099962713	-1.1866368892122388	0.23719824990809285	ns
location_fblood	location_fliver	-0.4585425938707325	0.18382463183638986	154.000001005237	-2.4944567509258	0.01367061665448585	*
