tissue	diet	estimate	estimate1	estimate2	statistic	p.value	parameter	conf.low	conf.high	method	alternative	adj.p.value
cecum	Chow	-1.4544117647058823	0.575	2.0294117647058822	-2.82650273998576	0.01550488519800854	11.791894259508872	-2.577745105027036	-0.33107842438472906	Welch Two Sample t-test	two.sided	0.01550488519800854
colon	LF/HF	5.177777777777777	9.1	3.922222222222222	2.674032850580096	0.03648605881117987	6.058006206733516	0.45075383813609887	9.904801717419454	Welch Two Sample t-test	two.sided	0.03648605881117987
