term	df	SumOfSqs	R2	statistic	p.value	signif
purified_diet	1	0.40114633061024385	0.018023995473486053	1.5598040599136895	0.144	ns
high_fat	1	0.08838997983374902	0.003971469947142358	0.3436926599593583	0.895	ns
high_fiber	1	0.32317682689356325	0.014520730268687696	1.2566300329651598	0.25	ns
high_fat:high_fiber	1	0.09780170394372967	0.004394350227507706	0.380288895191531	0.871	ns
Residual	83	21.34572302786069	0.9590894540831761	NA	NA	
Total	87	22.256237869141977	1	NA	NA	
