term	df	SumOfSqs	R2	statistic	p.value	signif
purified_diet	1	1.1579268317195395	0.01831079878987094	1.6311337640917898	0.167	ns
high_fat	1	0.6970221837319852	0.011022313853319669	0.9818724180679567	0.387	ns
high_fiber	1	2.3024640774107903	0.036409862253357246	3.2434060550233794	0.024	*
high_fat:high_fiber	1	0.15902559678785888	0.0025147406774376534	0.22401417185429778	0.939	ns
Residual	83	58.92093533250743	0.9317422844260145	NA	NA	
Total	87	63.23737402215761	1	NA	NA	
