ko	day_post_inf	term	estimate	std.error	statistic	p.value	p.value.adj
K15873	-15	(Intercept)	72.60997182335372	35.2874220164588	2.057672895160403	0.04086863457637811	0.24521180745826868
K15873	-3	high_fiber	-13.233763283057012	4.823012808220684	-2.743878942328424	0.006602254419217481	0.013204508838434962
K15873	-3	purified_diet	84.600333351597385	11.86558541464954	7.129891227039481	1.6287740902927396e-11	4.886322270878219e-11
K15873	-3	purified_diet:seq_depth	-0.002159391957242793	2.945045730631225e-4	-7.3322866765126955	4.950642855848901e-12	2.970385713509341e-11
K15873	-8	high_fat	41.5064220347256	12.921884669465834	3.2121028082540066	0.0015269668816489668	0.0091618012898938
