ko	day_post_inf	term	estimate	std.error	statistic	p.value	p.value.adj
K15873	-15	(Intercept)	72.60997182335383	34.875978129422556	2.081947968710807	0.03857061992893665	0.2314237195736199
K15873	-3	high_fiber	-9.253873993965648	4.655351811590071	-1.9877926241636539	0.04814624043603367	0.09629248087206733
K15873	-3	purified_diet	86.01128860809054	12.053271438708656	7.135928950531083	1.5723561157296564e-11	9.434136694377938e-11
K15873	-3	purified_diet:seq_depth	-0.002085522127548545	2.972784928728006e-4	-7.015381797030629	3.1681907185520704e-11	9.504572155656212e-11
K15873	-8	high_fat	41.12463994610345	12.718312541967496	3.233498139820171	0.0014221709955279246	0.008533025973167548
K15873	-8	high_fiber	-27.95989010810001	12.641487268275966	-2.2117563791932806	0.028071985771221348	0.08421595731366405
