ko	day_post_inf	term	estimate	std.error	statistic	p.value	p.value.adj
K15873	-15	(Intercept)	72.6099718233536	35.28742201645876	2.0576728951604015	0.04086863457637823	0.24521180745826937
K15873	-3	high_fiber	-13.233763283056922	4.823012808220677	-2.743878942328409	0.00660225441921777	0.01320450883843554
K15873	-3	purified_diet	84.60033335159721	11.865585414649528	7.129891227039474	1.6287740902928062e-11	4.886322270878418e-11
K15873	-3	purified_diet:seq_depth	-0.0021593919572427903	2.9450457306312236e-4	-7.332286676512691	4.9506428558490475e-12	2.9703857135094286e-11
K15873	-8	high_fat	41.50642203472535	12.921884669465816	3.212102808253991	0.0015269668816490457	0.009161801289894274
