dil_toxin	statistic	p.value	parameter	method
Total TcA 1:10	334.9175023854629	3.1628747011956686e-71	4	Kruskal-Wallis rank sum test
Total TcB 1:10	348.51937707084943	3.661515580025332e-74	4	Kruskal-Wallis rank sum test
