dil_toxin	statistic	p.value	parameter	method	p.adj	test_id
Total TcB 1:10	4.239966357519563	0.23669083218423675	3	Kruskal-Wallis rank sum test	0.4733816643684735	Total TcB 1:10
Total TcA 1:10	2.23742873308088	0.5246137527933519	3	Kruskal-Wallis rank sum test	0.5246137527933519	Total TcA 1:10
