day_post_inf	term	estimate	std.error	statistic	p.value
-8	(Intercept)	36.29752529032651	6.791876706061592	5.344255624948524	5.916078101443583e-7
-8	seq_depth	3.743914152268134e-4	1.8296152088751597e-4	2.046284997034911	0.043406440322524366
-3	dietHF/LF	14.020180051442951	4.8065610429048355	2.91688380243058	0.004324092217569143
-3	seq_depth	2.625419647837163e-4	1.08867950892323e-4	2.411563390619763	0.017620167808288126
-3	dietLF/LF:seq_depth	-2.93240847748459e-4	1.271369721385917e-4	-2.3064954498743124	0.023046635290657074
0	(Intercept)	14.95250500659846	4.07057066418124	3.6733191093259228	3.7871900809041025e-4
3	dietHF/HF	-17.493919983783602	7.328338428328224	-2.3871604941386964	0.02600342714607627
