day_post_inf	term	estimate	std.error	statistic	p.value
-8	(Intercept)	38.676796862472756	8.08914033024151	4.781323513189444	5.938264118642389e-6
-3	seq_depth	2.6772192508432474e-4	1.0907157046017015e-4	2.4545527670942375	0.015703060458469375
-3	high_fat	3.9790865836991474	1.2069326456850558	3.296858857803631	0.0013238232667955629
-3	high_fiber	-6.057536914639473	1.6284181049407074	-3.7198904238785993	3.1809925930551084e-4
0	(Intercept)	15.0670252452942	4.920705960186561	3.061964150510419	0.002775381265095082
