term	estimate	std.error	statistic	p.value
(Intercept)	8.750730889398865	3.868313789165606	2.2621564243076553	0.02413315416839316
purified_diet	1.6690650953647848	3.480011397344959	0.47961483592788856	0.6317192945937705
seq_depth	3.459756620918489e-4	7.11342239673849e-5	4.863701925678968	1.5633882834808717e-6
high_fat	1.4593834138291981	1.13025288283994	1.2912007887670813	0.1972542422060759
high_fiber	-3.257787685439444	1.320913156698075	-2.4663148132940327	0.01399879266231493
day_post_inf	-2.2086186231722778	0.08638176745386705	-25.568111052506655	1.0817377095674004e-91
study	-0.3135936747609444	0.23685348586671118	-1.3239985622901858	0.18613235792687643
purified_diet:seq_depth	-1.8512081052510804e-4	7.851175113071951e-5	-2.357873921534216	0.01877933996222934
