tissue	term	estimate	std.error	statistic	p.value
colon	purified_diet	3.8235714285714195	0.9592964540160984	3.985807945566798	1.3550587790662008e-4
cecum	high_fat	-2.022647058823522	0.606185303689261	-3.336681121290197	0.0012289622412552247
colon	high_fat	-2.759117647058821	1.012854261000315	-2.7241013374756022	0.007730646675080953
cecum	high_fat:high_fiber	2.2520915032679665	0.850815133440805	2.6469810123854063	0.009570649033539946
cecum	purified_diet	1.1626190476190472	0.5741313777279936	2.0250052387310236	0.0457970639524178
colon	high_fat:high_fiber	1.9474509803921571	1.4215978645216658	1.3699028600098724	0.1740878655150581
cecum	high_fiber	-0.8026470588235253	0.6061853036892623	-1.3240952130290702	0.1887877022074271
colon	high_fiber	0.10088235294117544	1.012854261000317	0.09960204229337181	0.9208793665253807
