tissue	term	estimate	std.error	statistic	p.value
cecum	(Intercept)	0.7846445824706691	1.0880508239767923	0.7211469953240027	0.47701757050831317
cecum	purified_diet	0.4796066252587994	0.7638388715795833	0.6278897855342124	0.5353512522573928
cecum	high_fat	-0.35700483091787455	0.8520979340847101	-0.41897159544384416	0.6785513229556717
cecum	high_fiber	0.30821256038647404	0.9886370012158558	0.31175503244105257	0.7576213853847222
colon	(Intercept)	-0.3145272601794342	1.9665989468791143	-0.15993462250072488	0.8741230793753292
colon	purified_diet	2.2193581780538305	1.3806016110013812	1.6075297612061168	0.11957108921104236
colon	high_fat	-1.619323671497585	1.540125573991204	-1.0514231429201846	0.30238406750073643
colon	high_fiber	0.5502415458937208	1.7869132972397788	0.30792850819548523	0.7604997357350165
