tissue	term	estimate	std.error	statistic	p.value
cecum	(Intercept)	2.114347898878281	0.2965144854407591	7.130673213942219	4.900184853693583e-12
cecum	purified_diet	1.0187065604745171	0.26085305690084354	3.9052889491793525	1.1094092308356966e-4
cecum	high_fat	-0.8558073646680955	0.25543848295361393	-3.350346254692974	8.860402606429228e-4
cecum	high_fiber	0.031712707182318035	0.25588201276625366	0.12393488248541862	0.9014308464729072
colon	(Intercept)	1.2619085886489056	0.49340524317946144	2.557550018149937	0.010919593446193476
colon	purified_diet	2.5445870703881903	0.434064007979067	5.8622392633643665	9.753830248467423e-9
colon	high_fat	-1.6257764744304977	0.4250540630815191	-3.824869859245876	1.5235723493790986e-4
colon	high_fiber	0.6471823204419849	0.42579210437733495	1.5199490873331343	0.12933612721625953
