metabolite	term	estimate	std.error	statistic	p.value	signif
Acetic Acid (ug/g)	purified_diet	-513.1292809027417	559.7102291403883	-0.9167766715480861	0.3626487201881723	ns
Acetic Acid (ug/g)	seq_depth	-0.004487059845341443	0.007257382581303821	-0.6182752245831477	0.5385544474124724	ns
Propanoic Acid (ug/g)	purified_diet	-123.2097997468704	140.5744453979285	-0.8764736677288432	0.38400035114746023	ns
Propanoic Acid (ug/g)	seq_depth	-0.001349470870718857	0.0018227334043442703	-0.7403555931451918	0.4617502332864951	ns
n-Butanoic Acid (ug/g)	purified_diet	-133.3032725513743	219.26793883445654	-0.6079469404417394	0.5455170727064276	ns
n-Butanoic Acid (ug/g)	seq_depth	-3.7685361581760065e-4	0.002916504687814909	-0.12921412997965906	0.897620400880476	ns
