metabolite	term	estimate	std.error	statistic	p.value	signif
Acetic Acid (ug/g)	purified_diet	-472.4544103748974	604.9798416216368	-0.7809424014996805	0.43824664822939097	ns
Acetic Acid (ug/g)	seq_depth	-0.005932970569975183	0.008246704417916008	-0.7194353367492805	0.4749749048903714	ns
Propanoic Acid (ug/g)	purified_diet	-109.86429048239368	151.62242087124642	-0.7245913226493554	0.4718307917384462	ns
Propanoic Acid (ug/g)	seq_depth	-0.0018744573334986531	0.0020668214079702135	-0.9069275779079153	0.36847448230690205	ns
n-Butanoic Acid (ug/g)	purified_diet	-120.81520585616448	228.32727700836284	-0.5291317245978431	0.5991031014325634	ns
n-Butanoic Acid (ug/g)	seq_depth	-7.170609152422655e-4	0.003214762411477776	-0.22305253809180997	0.8244218671787457	ns
