neat_toxin	statistic	p.value	parameter	method	p.adj	test_id
Total TcA Neat	11.504383592517469	0.02144369462872798	4	Kruskal-Wallis rank sum test	0.04288738925745596	Total TcA Neat
Total TcB Neat	9.478328748255175	0.050194453129685956	4	Kruskal-Wallis rank sum test	0.050194453129685956	Total TcB Neat
