neat_toxin	statistic	p.value	parameter	method	p.adj	test_id
Total TcA Neat	7.845822387489056	0.09739200730896752	4	Kruskal-Wallis rank sum test	0.19478401461793504	Total TcA Neat
Total TcB Neat	4.945660938462713	0.29291860400558906	4	Kruskal-Wallis rank sum test	0.29291860400558906	Total TcB Neat
