term	estimate	std.error	statistic	p.value
(Intercept)	2.4596827946282533	0.18380189708115519	13.382249224240676	6.077399656785265e-35
dietHF/HF	-0.5096913790394515	0.14031258043654776	-3.632542267084486	3.1080684309113153e-4
dietHF/LF	-0.22473775483183342	0.1508766083636159	-1.4895467048822475	0.13699884860469105
dietLF/HF	-0.5172735998355473	0.13952492531134061	-3.707392056876473	2.3378253010555345e-4
dietLF/LF	-0.41654074187074835	0.14463332605960375	-2.8799776180151655	0.004154463361423101
day_post_inf	-0.11822435544987048	0.026454214526159467	-4.469017794233253	9.80855229823053e-6
seq_depth	7.714852801587537e-6	3.9432852862307235e-6	1.956453120073884	0.05099003630786652
day_post_inf:seq_depth	6.626663202227545e-9	6.983875004668376e-7	0.00948851919285203	0.9924333046804934
