day_post_inf	term	estimate	std.error	statistic	p.value
-8	(Intercept)	3.5918689037090057	0.660286715289898	5.439862442381565	3.733561996920643e-7
-3	high_fat	0.4918069265638758	0.20219295701669934	2.432364281230908	0.01664389136887917
-3	high_fiber	-0.6176964475571581	0.272802855299855	-2.264259466339561	0.025555350229767827
-3	purified_diet:seq_depth	-3.792771624364016e-5	1.9103593938375786e-5	-1.9853707300305414	0.04963809883344937
0	(Intercept)	1.4691475227007156	0.6644121766700445	2.211198972998824	0.029129406522092796
0	high_fiber	0.6630697857116453	0.18204521457745942	3.6423357090197617	4.167240151888961e-4
3	(Intercept)	3.7068869405389395	1.0604812821910043	3.495476066187926	0.0018630942511184848
