day_post_inf	term	estimate	std.error	statistic	p.value
-8	(Intercept)	3.674983179150787	0.5598519911747158	6.564204891795976	2.5023512062216275e-9
-3	(Intercept)	1.4926909855803778	0.6441809643865836	2.317192012964527	0.022433749426019205
-3	dietHF/LF	2.081522005673346	0.6825480794174565	3.0496342579264017	0.0029002734644265546
-3	dietHF/LF:seq_depth	-1.499205972937567e-4	3.555037126426125e-5	-4.217131691236983	5.2597518400834044e-5
-3	dietLF/LF:seq_depth	-7.334092918705319e-5	1.900845311072506e-5	-3.8583323303500348	1.973409776487659e-4
0	(Intercept)	2.2539472510710707	0.5229226082899955	4.310288397056849	3.686914181758025e-5
0	dietHF/LF:seq_depth	-5.998226560313012e-5	1.6705720839659234e-5	-3.590522443110192	5.035252779741732e-4
3	(Intercept)	3.4351284344342594	0.5402798594138146	6.358053839284806	2.1305077408494244e-6
3	dietHF/LF	-2.095707937229509	0.4238154297980937	-4.944859931663903	6.021494317316981e-5
