term	estimate	std.error	statistic	p.value
(Intercept)	2.040126995445569	0.4130361067532566	4.939342982584134	1.083409955891541e-6
purified_diet	-0.06166498689322243	0.37157542985321323	-0.16595550173374624	0.8682617006191342
seq_depth	1.539092400542681e-5	7.5952997935930945e-6	2.0263747875244635	0.043277691143156535
high_fat	0.18687756615745305	0.12068184635961234	1.5485143109311421	0.12215619132372578
high_fiber	-0.18709736446270817	0.1410394444033481	-1.3265605608005835	0.18528355581616532
day_post_inf	-0.11130557482024614	0.009223344037792321	-12.067811236811242	1.7740072112294225e-29
study	0.029331021387267887	0.02528984126037654	1.1597946023181633	0.24670781561071692
purified_diet:seq_depth	-6.940042351244452e-6	8.383029347887448e-6	-0.8278680728934065	0.4081557711535686
