day_post_inf.y	term	estimate	std.error	statistic	p.value
-3	(Intercept)	0.8063059886667637	0.004886745681122372	164.9985575843542	0
-3	dietHF/LF	-0.052969733372033326	0.006955061585757459	-7.615997747669767	6.185211715880907e-14
0	(Intercept)	0.755853047600326	0.003845230134410627	196.5690013807661	0
0	dietHF/HF	0.04327425703933573	0.005437976606529227	7.957786539092048	4.994853296984309e-15
0	dietHF/LF	0.10066609001954702	0.005472724414439736	18.39414565694929	7.973642194054717e-65
0	dietLF/LF	0.06808306240205812	0.005829933591237666	11.678188325230035	1.5752617446903558e-29
3	(Intercept)	0.6758960977257247	0.0067892741015735825	99.55351450150893	1.2752380191845677e-254
3	dietLF/HF	0.02111877535506695	0.01072371241109711	1.9693530137205866	0.049719402078196785
