day_post_inf.y	term	estimate	std.error	statistic	p.value
-3	(Intercept)	0.8063059886667641	0.004886745681122449	164.99855758435163	0
-3	dietHF/LF	-0.052969733372034616	0.006955061585757594	-7.615997747669805	6.185211715879222e-14
0	(Intercept)	0.7558530476003247	0.0038452301344106287	196.56900138076568	0
0	dietHF/HF	0.0432742570393363	0.005437976606529236	7.9577865390921385	4.994853296980884e-15
0	dietHF/LF	0.10066609001954668	0.005472724414439686	18.394145656949398	7.973642194043078e-65
0	dietLF/LF	0.06808306240205948	0.005829933591237715	11.67818832523017	1.5752617446881732e-29
3	(Intercept)	0.6758960977257237	0.006789274101573588	99.55351450150872	1.2752380191854377e-254
3	dietLF/HF	0.021118775355067128	0.010723712411097121	1.969353013720601	0.04971940207819515
