term	df	SumOfSqs	R2	statistic	p.value
purified_diet	1	13.530156088833186	0.10877891859046597	79.69528391047947	0.001
seq_depth	1	4.043021653174163	0.03250483737087844	23.81419374547051	0.001
high_fat	1	0.3790295523890457	0.003047298534622034	2.232558707363141	0.029
high_fiber	1	2.109422261338892	0.01695920364351748	12.424912536170615	0.001
day_post_inf	1	19.65043432978515	0.15798435599654156	115.7449280403322	0.001
study	1	2.5725209841284666	0.02068239633508237	15.152655213267723	0.001
purified_diet:seq_depth	1	0.43646142330372584	0.0035090357658637546	2.5708437373365207	0.015
Residual	481	81.66110664765444	0.6565339537630283	NA	NA
Total	488	124.38215294060709	1	NA	NA
