term	df	SumOfSqs	R2	statistic	p.value
purified_diet	1	13.530156088833296	0.10877891859046677	79.35346128960268	0.001
seq_depth	1	4.043021653174142	0.032504837370878246	23.712051815349355	0.001
high_fat	1	0.37902955238904923	0.00304729853462206	2.2229829955874076	0.024
high_fiber	1	1.7203928362539465	0.013831508746077411	10.089989016997313	0.001
day_post_inf	1	19.861156155612658	0.1596785044000357	116.48435360342289	0.001
study	1	2.3058505743355084	0.018538435939732915	13.52365952682213	0.001
purified_diet:seq_depth	1	0.5296764084807108	0.00425845988317659	3.1065167393803694	0.009
Residual	481	82.01286967152787	0.6593620365350102	NA	NA
Total	488	124.38215294060718	1	NA	NA
