term	df	SumOfSqs	R2	statistic	p.value
purified_diet	1	42.177563041989444	0.11727894148893155	86.73605494791228	0.001
seq_depth	1	33.75650898239559	0.09386335663527298	69.41857724287937	0.001
high_fat	1	2.9229335152273563	0.00812750960426795	6.0108670037067204	0.002
high_fiber	1	5.892128033277302	0.016383652563617332	12.116867452623897	0.001
day_post_inf	1	34.549540075315306	0.09606845907452118	71.0494061360141	0.001
study	1	4.913625718634435	0.013662828802615802	10.104626241697837	0.001
purified_diet:seq_depth	1	1.5240741186483149	0.0042378408446169845	3.1341824175135167	0.007
Residual	481	233.89820802179838	0.6503774109861551	NA	NA
Total	488	359.63458150728655	1	NA	NA
